City_ID,City,Country,Date,Lat,Lng,Max Temp,Humidity,Cloudiness,Wind Speed
0,Albany,US,2021-09-29 16:44:09,42.6001,-73.9662,62.92,55,22,9.86
1,Arraial Do Cabo,BR,2021-09-29 16:48:03,-22.9661,-42.0278,80.46,65,40,13.8
2,Punta Arenas,CL,2021-09-29 16:43:41,-53.15,-70.9167,50.11,37,0,18.41
3,Hacari,CO,2021-09-29 16:48:04,8.3233,-73.1489,79.61,56,98,2.89
4,Kurumkan,RU,2021-09-29 16:48:04,54.3,110.3,31.37,81,16,2.51
5,Baykit,RU,2021-09-29 16:48:05,61.67,96.37,34.05,90,72,1.3
6,Mangai,CD,2021-09-29 16:48:05,-4.05,19.5333,73.44,90,98,0.94
7,Necochea,AR,2021-09-29 16:48:06,-38.5473,-58.7368,66.04,54,3,14.2
8,Margate,GB,2021-09-29 16:48:07,51.3813,1.3862,58.86,57,31,15.95
9,Nhulunbuy,AU,2021-09-29 16:48:07,-12.2333,136.7667,72.21,94,98,0.0
10,Tasiilaq,GL,2021-09-29 16:48:07,65.6145,-37.6368,44.76,64,42,4.32
11,Port Alfred,ZA,2021-09-29 16:48:08,-33.5906,26.891,60.12,77,100,21.18
12,Busselton,AU,2021-09-29 16:48:08,-33.65,115.3333,58.08,89,6,7.47
13,Dingle,PH,2021-09-29 16:48:09,10.9995,122.6711,76.68,92,82,3.33
14,Saint-Augustin,CA,2021-09-29 16:48:09,51.226,-58.6502,57.43,65,100,9.75
15,Bluff,NZ,2021-09-29 16:48:10,-46.6,168.3333,41.81,67,89,22.7
16,Los Llanos De Aridane,ES,2021-09-29 16:44:54,28.6585,-17.9182,75.13,65,75,20.71
17,Chuy,UY,2021-09-29 16:48:10,-33.6971,-53.4616,61.59,72,97,10.27
18,Cap Malheureux,MU,2021-09-29 16:48:10,-19.9842,57.6142,72.46,72,48,5.99
19,Cape Town,ZA,2021-09-29 16:47:10,-33.9258,18.4232,65.1,60,20,21.85
20,Ribeira Grande,PT,2021-09-29 16:48:11,38.5167,-28.7,75.6,88,40,8.05
21,Huarmey,PE,2021-09-29 16:48:12,-10.0681,-78.1522,67.78,75,71,9.28
22,Basco,PH,2021-09-29 16:48:12,20.4487,121.9702,82.81,79,68,10.54
23,Bismarck,US,2021-09-29 16:48:13,46.8083,-100.7837,69.87,41,20,14.97
24,Airai,TL,2021-09-29 16:48:13,-8.9266,125.4092,58.68,80,10,2.39
25,Sisimiut,GL,2021-09-29 16:48:14,66.9395,-53.6735,33.31,46,75,4.79
26,Dikson,RU,2021-09-29 16:48:14,73.5069,80.5464,34.0,96,100,14.34
27,Atuona,PF,2021-09-29 16:48:14,-9.8,-139.0333,77.68,75,63,21.23
28,Provideniya,RU,2021-09-29 16:48:15,64.3833,-173.3,29.68,88,100,10.51
29,Hobart,AU,2021-09-29 16:48:15,-42.8794,147.3294,49.05,83,90,1.14
30,Tuatapere,NZ,2021-09-29 16:48:16,-46.1333,167.6833,41.83,87,98,9.04
31,Mataura,NZ,2021-09-29 16:48:16,-46.1927,168.8643,41.49,97,97,6.96
32,Rikitea,PF,2021-09-29 16:48:17,-23.1203,-134.9692,72.97,70,66,19.1
33,Jian,CN,2021-09-29 16:48:17,27.1172,114.9793,75.0,93,18,4.52
34,Lebu,CL,2021-09-29 16:48:18,-37.6167,-73.65,55.98,54,6,11.77
35,Hithadhoo,MV,2021-09-29 16:48:18,-0.6,73.0833,82.85,72,36,5.23
36,Oksfjord,NO,2021-09-29 16:48:19,70.2396,22.3479,45.52,78,51,4.94
37,Sitka,US,2021-09-29 16:48:19,57.0531,-135.33,51.69,54,75,11.5
38,Maracana,BR,2021-09-29 16:48:19,-0.7667,-47.45,83.21,76,74,4.09
39,Bowen,AU,2021-09-29 16:48:20,-20.0167,148.2333,64.62,71,52,11.05
40,Kapaa,US,2021-09-29 16:46:34,22.0752,-159.319,75.52,80,75,12.66
41,Puerto Ayora,EC,2021-09-29 16:48:21,-0.7393,-90.3518,76.96,80,90,9.53
42,Sorland,NO,2021-09-29 16:48:21,67.667,12.6934,53.67,79,100,12.06
43,Padang,ID,2021-09-29 16:45:28,-0.9492,100.3543,75.25,93,100,6.55
44,Constitucion,CL,2021-09-29 16:48:21,-35.3333,-72.4167,58.15,53,0,7.83
45,Westport,US,2021-09-29 16:48:22,41.1415,-73.3579,68.36,54,1,1.99
46,Puerto Colombia,CO,2021-09-29 16:48:22,10.9878,-74.9547,87.89,74,84,7.52
47,Ushuaia,AR,2021-09-29 16:48:00,-54.8,-68.3,47.86,37,75,26.46
48,Touros,BR,2021-09-29 16:48:23,-5.1989,-35.4608,86.9,62,22,18.16
49,Mehran,IR,2021-09-29 16:48:23,33.1222,46.1646,87.28,15,0,6.33
50,San Cristobal,VE,2021-09-29 16:48:24,7.7669,-72.225,82.58,43,63,3.44
51,Qaanaaq,GL,2021-09-29 16:48:25,77.484,-69.3632,19.11,80,9,5.23
52,Zemio,CF,2021-09-29 16:48:25,5.0314,25.1361,76.66,73,85,1.74
53,Pevek,RU,2021-09-29 16:48:26,69.7008,170.3133,27.61,87,100,22.21
54,Yatou,CN,2021-09-29 16:48:26,37.15,122.3833,63.86,93,0,6.87
55,Anito,PH,2021-09-29 16:48:26,12.4497,125.2886,77.77,90,95,3.49
56,New Norfolk,AU,2021-09-29 16:48:27,-42.7826,147.0587,48.7,71,81,0.89
57,Cherskiy,RU,2021-09-29 16:48:28,68.75,161.3,22.93,97,85,8.79
58,Pierre,US,2021-09-29 16:48:28,44.3683,-100.351,79.05,55,1,7.0
59,Castro,BR,2021-09-29 16:48:29,-24.7911,-50.0119,79.32,48,67,5.97
60,Jamestown,US,2021-09-29 16:44:19,42.097,-79.2353,65.3,63,40,3.44
61,Vaini,TO,2021-09-29 16:48:30,-21.2,-175.2,73.56,94,75,5.75
62,Tianpeng,CN,2021-09-29 16:48:30,30.9866,103.9393,72.07,78,66,1.63
63,East London,ZA,2021-09-29 16:48:30,-33.0153,27.9116,58.14,100,90,6.91
64,Shunyi,CN,2021-09-29 16:48:31,40.125,116.6453,68.29,88,8,4.47
65,Kodiak,US,2021-09-29 16:48:32,57.79,-152.4072,33.31,86,40,4.61
66,Songea,TZ,2021-09-29 16:48:32,-10.6833,35.65,73.44,44,40,5.79
67,Khatanga,RU,2021-09-29 16:48:33,71.9667,102.5,30.49,70,87,12.15
68,Thompson,CA,2021-09-29 16:45:01,55.7435,-97.8558,57.36,62,75,10.36
69,Huayucachi,PE,2021-09-29 16:48:34,-12.1333,-75.2333,65.93,37,76,8.05
70,Codrington,AU,2021-09-29 16:48:34,-38.2667,141.9667,53.33,96,100,17.07
71,Ust-Tsilma,RU,2021-09-29 16:48:35,65.441,52.1498,43.59,97,95,6.31
72,Klaksvik,FO,2021-09-29 16:48:35,62.2266,-6.589,49.12,67,73,12.01
73,Haines Junction,CA,2021-09-29 16:48:36,60.7522,-137.5108,24.75,93,69,0.0
74,Gizo,SB,2021-09-29 16:48:36,-8.103,156.8419,81.39,79,88,7.94
75,Sambava,MG,2021-09-29 16:48:37,-14.2667,50.1667,72.81,77,82,12.5
76,Port Elizabeth,ZA,2021-09-29 16:48:37,-33.918,25.5701,57.49,82,90,11.5
77,Yeniseysk,RU,2021-09-29 16:48:38,58.4497,92.1703,37.17,80,100,5.28
78,Yellowknife,CA,2021-09-29 16:45:22,62.456,-114.3525,47.41,100,75,0.0
79,Nikolskoye,RU,2021-09-29 16:48:38,59.7035,30.7861,49.01,80,74,3.2
80,Carnarvon,AU,2021-09-29 16:48:39,-24.8667,113.6333,69.87,88,8,10.36
81,Honiara,SB,2021-09-29 16:48:39,-9.4333,159.95,76.66,86,73,6.73
82,Bambous Virieux,MU,2021-09-29 16:48:40,-20.3428,57.7575,72.21,78,20,11.5
83,Uchaly,RU,2021-09-29 16:48:40,54.2996,59.4521,30.42,84,92,6.13
84,Avarua,CK,2021-09-29 16:47:02,-21.2078,-159.775,66.25,100,87,1.14
85,Hermanus,ZA,2021-09-29 16:48:41,-34.4187,19.2345,60.91,76,100,23.29
86,Hilo,US,2021-09-29 16:48:42,19.7297,-155.09,81.28,76,20,9.22
87,Kruisfontein,ZA,2021-09-29 16:48:42,-34.0033,24.7314,53.89,80,100,18.25
88,Bredasdorp,ZA,2021-09-29 16:48:43,-34.5322,20.0403,57.27,74,100,18.86
89,Areosa,PT,2021-09-29 16:48:43,41.7178,-8.8571,76.32,76,48,17.69
90,Alice Springs,AU,2021-09-29 16:45:38,-23.7,133.8833,58.55,31,0,4.61
91,Bundaberg,AU,2021-09-29 16:48:44,-24.85,152.35,69.22,24,100,58.0
92,Luderitz,NA,2021-09-29 16:48:45,-26.6481,15.1594,60.3,74,37,26.91
93,Waddan,LY,2021-09-29 16:48:45,29.1614,16.139,86.05,31,0,10.87
94,Upernavik,GL,2021-09-29 16:48:46,72.7868,-56.1549,30.74,49,100,0.83
95,Te Anau,NZ,2021-09-29 16:48:46,-45.4167,167.7167,34.7,91,58,1.77
96,Sola,VU,2021-09-29 16:48:47,-13.8833,167.55,79.56,80,95,17.56
97,Almaznyy,RU,2021-09-29 16:48:48,48.0448,40.045,48.34,50,89,6.64
98,Solnechnyy,RU,2021-09-29 16:48:48,50.7214,136.6319,52.68,93,88,1.12
99,Turayf,SA,2021-09-29 16:48:49,31.6725,38.6637,80.85,26,0,6.91
100,Mount Gambier,AU,2021-09-29 16:48:50,-37.8333,140.7667,53.51,94,90,11.5
101,Coahuayana,MX,2021-09-29 16:48:50,18.7333,-103.6833,87.08,61,89,3.71
102,Effium,NG,2021-09-29 16:48:50,6.6292,8.0593,84.61,94,100,2.48
103,Kununurra,AU,2021-09-29 16:48:51,-15.7667,128.7333,78.78,69,40,0.0
104,Jinji,CN,2021-09-29 16:48:52,23.2281,110.8261,81.09,75,11,3.09
105,Chokurdakh,RU,2021-09-29 16:48:52,70.6333,147.9167,11.75,100,87,3.87
106,Zavodskoy,RU,2021-09-29 16:48:53,43.4597,132.2922,56.79,94,90,0.0
107,Tuktoyaktuk,CA,2021-09-29 16:48:53,69.4541,-133.0374,33.8,100,90,27.63
108,Anage,BR,2021-09-29 16:48:54,-14.6122,-41.1356,93.85,24,6,5.61
109,Novoagansk,RU,2021-09-29 16:48:54,61.9449,76.6625,35.31,80,97,6.29
110,Wattegama,LK,2021-09-29 16:48:55,6.7989,81.4808,79.41,74,88,1.81
111,Talnakh,RU,2021-09-29 16:48:55,69.4865,88.3972,33.12,79,100,12.26
112,Muyezerskiy,RU,2021-09-29 16:48:56,63.9333,31.65,44.08,91,63,4.21
113,Tateyama,JP,2021-09-29 16:48:57,34.9833,139.8667,72.01,71,100,6.42
114,Longjiang,CN,2021-09-29 16:48:57,47.3303,123.1836,42.08,50,12,6.73
115,Lagoa,PT,2021-09-29 16:48:58,39.05,-27.9833,71.74,86,0,7.07
116,Mahebourg,MU,2021-09-29 16:48:58,-20.4081,57.7,72.25,78,20,11.5
117,Sapa,PH,2021-09-29 16:48:59,5.1544,120.3241,82.44,77,93,3.67
118,Kushima,JP,2021-09-29 16:49:00,31.4583,131.2333,73.06,88,31,7.47
119,San Patricio,US,2021-09-29 16:49:00,28.017,-97.5169,80.47,60,39,12.19
120,Severo-Kurilsk,RU,2021-09-29 16:49:01,50.6789,156.125,49.78,91,60,4.36
121,Clyde River,CA,2021-09-29 16:49:01,70.4692,-68.5914,32.23,100,90,19.57
122,Shakawe,BW,2021-09-29 16:49:02,-18.3667,21.85,85.55,13,41,1.61
123,Myingyan,MM,2021-09-29 16:49:02,21.4667,95.3833,83.19,71,16,0.76
124,Port Hedland,AU,2021-09-29 16:49:03,-20.3167,118.5667,64.45,94,1,0.0
125,Ahipara,NZ,2021-09-29 16:49:03,-35.1667,173.1667,54.39,84,54,9.04
126,Muscle Shoals,US,2021-09-29 16:49:04,34.7448,-87.6675,84.25,70,20,3.0
127,Butaritari,KI,2021-09-29 16:49:04,3.0707,172.7902,81.55,78,96,14.97
128,Chanute,US,2021-09-29 16:49:05,37.6792,-95.4572,77.43,88,1,6.91
129,Port-Gentil,GA,2021-09-29 16:49:05,-0.7193,8.7815,84.16,74,75,16.11
130,Norfolk,US,2021-09-29 16:49:05,42.1668,-71.2495,65.08,61,1,1.01
131,Xuddur,SO,2021-09-29 16:49:06,4.1213,43.8894,82.65,48,84,10.27
132,Itarema,BR,2021-09-29 16:49:07,-2.9248,-39.9167,88.21,57,6,19.3
133,Ilebo,CD,2021-09-29 16:49:07,-4.3167,20.5833,77.61,77,100,3.02
134,Harnosand,SE,2021-09-29 16:49:08,62.6323,17.9379,52.0,94,87,12.12
135,Dunedin,NZ,2021-09-29 16:49:08,-45.8742,170.5036,41.81,76,79,1.99
136,Kavieng,PG,2021-09-29 16:49:09,-2.5744,150.7967,82.08,79,58,14.43
137,Ancud,CL,2021-09-29 16:46:45,-41.8697,-73.8203,49.53,76,100,13.29
138,Nakatsu,JP,2021-09-29 16:49:10,33.5981,131.1883,77.18,87,20,6.55
139,Palmer,US,2021-09-29 16:49:10,42.1584,-72.3287,65.98,52,20,1.01
140,Longyearbyen,SJ,2021-09-29 16:45:52,78.2186,15.6401,33.64,86,75,3.44
141,Georgetown,MY,2021-09-29 16:45:10,5.4112,100.3354,78.73,92,40,1.01
142,Kamyshlov,RU,2021-09-29 16:49:11,56.8428,62.7111,37.22,72,65,7.16
143,Ilulissat,GL,2021-09-29 16:49:11,69.2167,-51.1,32.02,37,40,6.91
144,Polunochnoye,RU,2021-09-29 16:49:12,60.8697,60.4153,31.3,89,17,2.82
145,Oranjemund,NA,2021-09-29 16:49:13,-28.55,16.4333,57.72,86,28,15.39
146,Newport,GB,2021-09-29 16:49:13,51.5877,-2.9984,59.63,59,66,11.52
147,Barrow,US,2021-09-29 16:46:00,71.2906,-156.7887,28.42,74,90,9.22
148,Calvinia,ZA,2021-09-29 16:49:14,-31.4707,19.776,65.71,29,10,16.42
149,Mar Del Plata,AR,2021-09-29 16:45:21,-38.0023,-57.5575,62.62,28,20,25.01
150,San Vicente,AR,2021-09-29 16:49:15,-26.6167,-54.1333,86.61,39,12,4.16
151,Aswan,EG,2021-09-29 16:49:15,24.0934,32.907,92.5,15,0,11.5
152,Cabo San Lucas,MX,2021-09-29 16:45:25,22.8909,-109.9124,88.52,64,12,6.67
153,Lompoc,US,2021-09-29 16:49:16,34.6391,-120.4579,74.1,80,1,5.75
154,Kijang,KR,2021-09-29 16:49:16,35.2442,129.2139,74.93,85,87,3.78
155,Pandan,PH,2021-09-29 16:49:17,14.0453,124.1694,80.37,83,83,3.24
156,Slavyanka,RU,2021-09-29 16:49:17,42.8633,131.3847,59.86,90,0,5.19
157,Rocha,UY,2021-09-29 16:49:17,-34.4833,-54.3333,64.44,56,0,10.76
158,Faanui,PF,2021-09-29 16:49:18,-16.4833,-151.75,78.48,77,9,17.54
159,Tarauaca,BR,2021-09-29 16:49:18,-8.1614,-70.7656,97.75,34,87,3.6
160,Saint George,US,2021-09-29 16:49:19,37.1041,-113.5841,70.27,39,1,1.99
161,Havre,FR,2021-09-29 16:49:20,49.5833,0.3333,58.77,55,75,16.11
162,Vestmannaeyjar,IS,2021-09-29 16:49:20,63.4427,-20.2734,45.59,70,20,21.85
163,Kathmandu,NP,2021-09-29 16:49:21,27.7167,85.3167,70.02,88,75,0.0
164,Iralaya,HN,2021-09-29 16:49:22,15.0,-83.2333,87.89,68,45,5.73
165,Pangody,RU,2021-09-29 16:49:22,65.85,74.4859,35.08,90,94,7.67
166,Copiapo,CL,2021-09-29 16:49:23,-27.3667,-70.3333,56.89,21,1,10.4
167,Cidreira,BR,2021-09-29 16:49:23,-30.1811,-50.2056,67.24,83,84,11.77
168,Araouane,ML,2021-09-29 16:49:24,18.9048,-3.5265,102.15,7,14,8.63
169,Doha,QA,2021-09-29 16:47:45,25.2867,51.5333,93.51,66,0,4.61
170,Gat,IL,2021-09-29 16:45:02,31.61,34.7642,77.68,100,0,6.91
171,La Ronge,CA,2021-09-29 16:49:24,55.1001,-105.2842,55.65,94,90,8.05
172,Hays,US,2021-09-29 16:49:25,30.0502,-98.0336,81.72,86,51,3.0
173,Bethel,US,2021-09-29 16:45:30,41.3712,-73.414,66.58,62,40,9.22
174,Honningsvag,NO,2021-09-29 16:49:26,70.9821,25.9704,46.15,87,30,3.44
175,Conde,BR,2021-09-29 16:44:35,-7.2597,-34.9075,85.46,66,75,14.97
176,Adrar,MR,2021-09-29 16:49:26,20.5022,-10.0711,103.96,6,0,12.71
177,Ponta Do Sol,PT,2021-09-29 16:49:27,32.6667,-17.1,77.13,53,1,6.46
178,San Carlos De Bariloche,AR,2021-09-29 16:49:27,-41.1456,-71.3082,55.15,26,75,20.71
179,Maroantsetra,MG,2021-09-29 16:49:28,-15.4333,49.7333,71.19,82,59,5.97
180,Bouna,CI,2021-09-29 16:49:29,9.2667,-3.0,84.58,61,55,5.21
181,Gualeguay,AR,2021-09-29 16:49:29,-33.1416,-59.3097,71.49,55,0,12.44
182,Esperance,AU,2021-09-29 16:49:30,-33.8667,121.9,57.04,87,76,13.09
183,Carbonia,IT,2021-09-29 16:49:30,39.1672,8.5222,79.75,73,17,11.81
184,Semey,KZ,2021-09-29 16:49:31,50.4111,80.2275,46.04,78,58,4.16
185,Xining,CN,2021-09-29 16:49:31,36.6167,101.7667,53.26,51,1,2.84
186,Livingston,GB,2021-09-29 16:49:22,55.9029,-3.5226,54.21,65,20,10.36
187,Coquimbo,CL,2021-09-29 16:46:28,-29.9533,-71.3436,64.13,67,0,11.5
188,Aklavik,CA,2021-09-29 16:49:32,68.2191,-135.0107,29.23,81,97,4.36
189,Ravar,IR,2021-09-29 16:49:33,31.2656,56.8055,79.74,10,0,2.53
190,Mount Isa,AU,2021-09-29 16:49:34,-20.7333,139.5,73.17,64,29,4.61
191,Kutum,SD,2021-09-29 16:49:34,14.2,24.6667,84.87,23,50,8.08
192,Saskylakh,RU,2021-09-29 16:49:35,71.9167,114.0833,23.45,91,100,4.25
193,Yuancheng,CN,2021-09-29 16:49:35,36.652,107.7896,62.51,62,37,5.23
194,Kupang,ID,2021-09-29 16:49:35,-10.1667,123.5833,76.51,84,11,7.2
195,Birjand,IR,2021-09-29 16:49:36,32.8663,59.2211,77.47,8,0,9.22
196,Pundaguitan,PH,2021-09-29 16:49:37,6.3711,126.1689,83.64,73,96,6.58
197,Quang Ngai,VN,2021-09-29 16:49:37,15.1167,108.8,76.48,93,8,3.44
198,Saint-Philippe,RE,2021-09-29 16:49:37,-21.3585,55.7679,71.15,79,45,12.95
199,San Quintin,MX,2021-09-29 16:46:12,30.4833,-115.95,68.18,64,51,9.57
200,Sistranda,NO,2021-09-29 16:49:38,63.7256,8.834,57.9,72,68,10.27
201,Victoria,HK,2021-09-29 16:48:13,22.2855,114.1577,86.38,84,2,3.0
202,Arnedo,ES,2021-09-29 16:49:38,42.2167,-2.1,69.6,51,78,14.92
203,Dengzhou,CN,2021-09-29 16:49:39,37.8086,120.7508,65.91,81,2,3.18
204,Garowe,SO,2021-09-29 16:49:40,8.4054,48.4845,85.19,47,73,22.01
205,Palauig,PH,2021-09-29 16:49:40,15.435,119.9045,80.94,81,50,4.16
206,Lasa,IT,2021-09-29 16:49:40,46.6166,10.7002,64.31,88,96,3.98
207,Sukhobezvodnoye,RU,2021-09-29 16:49:41,57.0491,44.8891,39.0,92,47,4.81
208,Tura,IN,2021-09-29 16:49:41,25.5198,90.2201,72.05,87,100,0.96
209,Prieska,ZA,2021-09-29 16:49:42,-29.6641,22.7474,71.78,32,47,13.11
210,Talara,PE,2021-09-29 16:49:42,-4.5772,-81.2719,74.16,64,0,13.8
211,Saldanha,ZA,2021-09-29 16:49:43,-33.0117,17.9442,69.85,68,0,20.0
212,Misratah,LY,2021-09-29 16:49:43,32.3754,15.0925,78.44,64,0,15.93
213,La Palma,US,2021-09-29 16:49:44,33.8464,-118.0467,74.12,72,20,1.01
214,Pires Do Rio,BR,2021-09-29 16:49:44,-17.2997,-48.2794,89.92,25,51,3.38
215,Iqaluit,CA,2021-09-29 16:49:45,63.7506,-68.5145,35.33,80,75,11.01
216,Graaff-Reinet,ZA,2021-09-29 16:49:45,-32.2522,24.5308,50.92,94,100,12.21
217,Katsuura,JP,2021-09-29 16:49:46,35.1333,140.3,72.1,75,100,6.69
218,Nome,US,2021-09-29 16:49:47,64.5011,-165.4064,28.47,80,90,3.44
219,Norman Wells,CA,2021-09-29 16:45:07,65.282,-126.8329,28.44,80,75,4.61
220,Tovarkovo,RU,2021-09-29 16:49:47,54.6762,35.9386,43.23,78,91,3.85
221,Kaliua,TZ,2021-09-29 16:49:48,-5.0606,31.7936,82.9,31,80,6.33
222,Marfino,RU,2021-09-29 16:49:48,55.7028,37.3822,45.09,72,75,8.95
223,Altay,CN,2021-09-29 16:49:49,47.8667,88.1167,50.02,70,99,7.2
224,Richards Bay,ZA,2021-09-29 16:49:49,-28.783,32.0377,66.99,73,100,7.58
225,Inhambane,MZ,2021-09-29 16:49:50,-23.865,35.3833,78.78,78,75,8.99
226,Bengkulu,ID,2021-09-29 16:49:50,-3.8004,102.2655,75.16,93,100,6.62
227,Imeni Karla Libknekhta,RU,2021-09-29 16:49:51,51.6232,35.4775,43.32,67,41,6.85
228,Ulaanbaatar,MN,2021-09-29 16:48:05,47.9077,106.8832,26.73,80,0,4.47
229,Tuzha,RU,2021-09-29 16:49:52,57.6062,47.936,42.24,84,96,3.85
230,Lithakia,GR,2021-09-29 16:49:52,37.7167,20.8333,79.88,69,40,4.61
231,Pingliang,CN,2021-09-29 16:49:53,35.5392,106.6861,62.51,80,100,3.11
232,Laguna,US,2021-09-29 16:49:53,38.421,-121.4238,72.1,48,1,1.99
233,Fairbanks,US,2021-09-29 16:45:02,64.8378,-147.7164,21.81,90,75,0.0
234,Beringovskiy,RU,2021-09-29 16:49:54,63.05,179.3167,27.43,91,100,29.95
235,Cumana,VE,2021-09-29 16:49:54,10.4635,-64.1775,77.09,64,32,6.42
236,Stornoway,GB,2021-09-29 16:49:55,58.2093,-6.3865,51.93,71,40,11.5
237,Mbour,SN,2021-09-29 16:49:55,14.422,-16.9638,87.89,72,36,12.75
238,Sibolga,ID,2021-09-29 16:49:55,1.7427,98.7792,76.32,95,100,4.43
239,Ojinaga,MX,2021-09-29 16:49:56,29.5667,-104.4167,86.58,32,1,4.61
240,Ponta Delgada,PT,2021-09-29 16:45:27,37.7333,-25.6667,75.92,78,20,6.91
241,Malangali,TZ,2021-09-29 16:49:57,-8.5667,34.85,70.92,50,30,13.73
242,Komsomolskiy,UZ,2021-09-29 16:49:57,40.4272,71.7189,66.92,63,3,6.91
243,Salalah,OM,2021-09-29 16:49:58,17.0151,54.0924,84.29,84,75,8.05
244,Cabedelo,BR,2021-09-29 16:49:58,-6.9811,-34.8339,86.67,71,34,16.31
245,Jhalawar,IN,2021-09-29 16:49:59,24.6,76.15,77.02,89,87,7.47
246,Port Hardy,CA,2021-09-29 16:50:00,50.6996,-127.4199,51.98,82,90,13.8
247,Beloha,MG,2021-09-29 16:50:00,-25.1667,45.05,74.98,64,89,9.13
248,The Valley,AI,2021-09-29 16:50:01,18.217,-63.0578,87.94,62,20,6.91
249,Kaitangata,NZ,2021-09-29 16:50:01,-46.2817,169.8464,42.93,74,82,10.58
250,Northam,GB,2021-09-29 16:50:05,51.0333,-4.2167,58.01,69,50,9.37
251,Plouzane,FR,2021-09-29 16:50:06,48.3833,-4.6167,59.18,58,20,6.91
252,Half Moon Bay,US,2021-09-29 16:50:07,37.4636,-122.4286,67.96,73,1,0.0
253,Lafiagi,NG,2021-09-29 16:50:07,8.8667,5.4167,78.64,89,99,3.47
254,Lorengau,PG,2021-09-29 16:50:08,-2.0226,147.2712,80.37,83,24,4.41
255,Snasa,NO,2021-09-29 16:50:08,64.2457,12.3778,54.81,82,95,8.08
256,Santa Maria,BR,2021-09-29 16:50:09,-29.6842,-53.8069,72.7,68,75,16.11
257,Sao Joao Da Barra,BR,2021-09-29 16:45:48,-21.6403,-41.0511,84.29,70,1,20.33
258,Kurilsk,RU,2021-09-29 16:50:09,45.2333,147.8833,51.82,92,67,9.1
259,Hobyo,SO,2021-09-29 16:50:10,5.3505,48.5268,79.88,77,6,25.34
260,Leningradskiy,RU,2021-09-29 16:50:10,69.3833,178.4167,26.78,97,100,17.43
261,Muroto,JP,2021-09-29 16:50:11,33.2833,134.15,76.87,75,97,15.1
262,Palu,ID,2021-09-29 16:46:12,-0.8917,119.8707,76.17,95,53,2.13
263,Tilichiki,RU,2021-09-29 16:50:12,60.4667,166.1,25.25,56,0,23.02
264,Alyangula,AU,2021-09-29 16:50:13,-13.8483,136.4192,76.87,83,36,8.05
265,Khalkhal,IR,2021-09-29 16:50:13,37.6189,48.5258,51.42,87,36,7.85
266,Two Hills,CA,2021-09-29 16:45:22,53.7169,-111.7518,50.88,66,1,5.75
267,Mizan Teferi,ET,2021-09-29 16:50:14,6.9833,35.5833,61.72,94,100,4.05
268,Filingue,NE,2021-09-29 16:50:14,14.3521,3.3168,98.89,25,87,15.82
269,Neijiang,CN,2021-09-29 16:50:15,29.5835,105.0622,73.33,79,12,5.26
270,Abalak,RU,2021-09-29 16:50:15,58.1286,68.5944,37.11,93,100,6.6
271,Dandong,CN,2021-09-29 16:50:16,40.1292,124.3947,57.45,93,0,5.55
272,Burns Lake,CA,2021-09-29 16:48:45,54.2331,-125.7533,40.42,81,100,5.64
273,Jabinyanah,TN,2021-09-29 16:50:17,35.035,10.9081,82.2,54,0,16.2
274,Mandalgovi,MN,2021-09-29 16:50:17,45.7625,106.2708,37.62,40,47,4.43
275,Kapit,MY,2021-09-29 16:50:18,2.0167,112.9333,74.73,99,100,0.16
276,Narsaq,GL,2021-09-29 16:50:18,60.9167,-46.05,39.15,37,8,2.68
277,Viedma,AR,2021-09-29 16:50:18,-40.8135,-62.9967,73.78,30,31,22.06
278,Broome,US,2021-09-29 16:50:19,42.2506,-75.833,65.05,60,40,4.0
279,Rio Gallegos,AR,2021-09-29 16:50:19,-51.6226,-69.2181,62.65,15,0,14.97
280,Matagami,CA,2021-09-29 16:50:20,49.7502,-77.6328,48.31,93,90,8.05
281,Fort Saint James,CA,2021-09-29 16:50:20,54.4333,-124.25,43.25,76,100,5.44
282,Kavaratti,IN,2021-09-29 16:50:20,10.5669,72.642,81.18,81,44,13.06
283,Paoua,CF,2021-09-29 16:50:21,7.2427,16.4406,72.77,90,41,3.83
284,Onega,RU,2021-09-29 16:50:21,63.9061,38.1404,45.79,88,88,4.54
285,Chingirlau,KZ,2021-09-29 16:50:22,51.095,54.0814,42.06,41,70,7.05
286,Altamira,BR,2021-09-29 16:50:23,-3.2033,-52.2064,86.09,66,75,5.75
287,Vardo,NO,2021-09-29 16:50:23,70.3705,31.1107,47.95,93,0,6.91
288,Moanda,GA,2021-09-29 16:50:24,-1.5575,13.2178,84.43,95,99,1.03
289,Ocho Rios,JM,2021-09-29 16:50:24,18.4025,-77.1048,89.35,63,1,5.86
290,Esna,EG,2021-09-29 16:50:24,25.2934,32.554,89.62,18,0,13.82
291,Pozo Colorado,PY,2021-09-29 16:50:25,-23.4923,-58.7972,103.35,21,21,5.88
292,Deputatskiy,RU,2021-09-29 16:50:25,69.3,139.9,13.57,86,31,3.04
293,Sibu,MY,2021-09-29 16:50:26,2.3,111.8167,79.11,94,40,0.0
294,Snezhnogorsk,RU,2021-09-29 16:50:27,69.1933,33.2531,42.58,85,25,8.05
295,Bosaso,SO,2021-09-29 16:50:27,11.2842,49.1816,91.11,52,61,2.66
296,Nguru,NG,2021-09-29 16:50:28,12.8791,10.4526,89.02,45,75,7.58
297,Souillac,MU,2021-09-29 16:50:28,-20.5167,57.5167,72.36,78,20,11.5
298,Dhidhdhoo,MV,2021-09-29 16:50:29,6.8833,73.1,82.58,76,7,12.44
299,Nueva Helvecia,UY,2021-09-29 16:50:30,-34.3,-57.2333,66.6,61,0,11.83
300,Isangel,VU,2021-09-29 16:50:30,-19.55,169.2667,72.81,85,94,12.28
301,Kibala,TD,2021-09-29 16:50:31,9.1104,18.3463,89.55,55,20,0.0
302,Vao,NC,2021-09-29 16:50:31,-22.6667,167.4833,69.46,77,60,20.2
303,Torbay,CA,2021-09-29 16:50:32,47.6666,-52.7314,70.88,90,75,8.05
304,Murbad,IN,2021-09-29 16:50:33,19.25,73.4,79.81,91,99,3.62
305,Taoudenni,ML,2021-09-29 16:50:33,22.6783,-3.9836,104.25,5,0,8.81
306,Pekalongan,ID,2021-09-29 16:50:34,-6.8886,109.6753,79.02,79,67,3.22
307,Atar,MR,2021-09-29 16:50:34,20.5169,-13.0499,107.31,7,2,12.44
308,Belmonte,BR,2021-09-29 16:50:35,-15.8631,-38.8828,81.1,60,14,10.11
309,Harper,LR,2021-09-29 16:50:35,4.375,-7.7169,77.77,86,98,10.94
310,Killam,CA,2021-09-29 16:50:35,52.7834,-111.8518,53.19,66,3,5.75
311,Linxia,CN,2021-09-29 16:50:36,35.6003,103.2064,55.9,56,0,3.67
312,Dabola,GN,2021-09-29 16:50:36,10.75,-11.1167,81.54,80,37,2.46
313,Hasaki,JP,2021-09-29 16:50:37,35.7333,140.8333,66.49,73,100,7.65
314,Lakes Entrance,AU,2021-09-29 16:50:37,-37.8811,147.981,58.15,98,100,9.66
315,Portland,US,2021-09-29 16:47:39,45.5234,-122.6762,57.09,86,75,1.01
316,Miles City,US,2021-09-29 16:50:38,46.4083,-105.8406,58.51,43,75,12.66
317,Broken Hill,AU,2021-09-29 16:50:39,-31.95,141.4333,58.71,77,75,5.75
318,Corner Brook,CA,2021-09-29 16:50:39,48.9667,-57.9484,57.36,83,100,7.67
319,Marawi,PH,2021-09-29 16:50:39,7.9986,124.2928,69.66,93,100,2.33
320,Waipawa,NZ,2021-09-29 16:50:40,-41.4122,175.5153,54.23,74,74,13.8
321,Bilma,NE,2021-09-29 16:50:41,18.6853,12.9164,95.45,13,25,7.61
322,Avera,US,2021-09-29 16:50:41,33.194,-82.5271,84.43,42,0,2.33
323,Lang Suan,TH,2021-09-29 16:50:42,9.9456,99.0785,78.87,86,47,1.39
324,Bocana De Paiwas,NI,2021-09-29 16:50:42,12.7857,-85.1227,82.47,73,100,5.21
325,Salina,US,2021-09-29 16:47:35,38.8403,-97.6114,78.19,63,20,8.01
326,Panaba,MX,2021-09-29 16:50:43,21.2833,-88.2667,90.66,46,11,7.23
327,Pedasi,PA,2021-09-29 16:50:44,7.5333,-80.0333,80.06,73,79,3.56
328,Rio Grande,BR,2021-09-29 16:50:44,-32.035,-52.0986,71.71,79,94,13.82
329,Veraval,IN,2021-09-29 16:50:45,20.9,70.3667,79.16,93,100,20.02
330,Tiksi,RU,2021-09-29 16:50:45,71.6872,128.8694,31.28,86,100,5.84
331,Antofagasta,CL,2021-09-29 16:46:34,-23.65,-70.4,67.21,61,5,8.34
332,Naze,JP,2021-09-29 16:45:57,28.3667,129.4833,77.76,80,33,16.67
333,Vaitape,PF,2021-09-29 16:50:46,-16.5167,-151.75,78.44,77,9,17.45
334,Malatya,TR,2021-09-29 16:50:46,38.5,38.0,69.85,23,0,14.97
335,Sinnamary,GF,2021-09-29 16:50:47,5.3833,-52.95,86.58,62,27,8.1
336,Larap,PH,2021-09-29 16:50:47,14.299,122.6504,78.33,92,14,4.59
337,Pangnirtung,CA,2021-09-29 16:50:48,66.1451,-65.7125,32.0,86,75,0.0
338,Barcelos,PT,2021-09-29 16:46:35,41.5388,-8.6151,75.92,60,32,11.86
339,Nemuro,JP,2021-09-29 16:50:49,43.3236,145.575,59.61,81,99,17.43
340,Sarandi,BR,2021-09-29 16:50:49,-23.4436,-51.8739,85.55,48,75,10.36
341,Port Blair,IN,2021-09-29 16:50:50,11.6667,92.75,81.1,80,6,4.54
342,Baherden,TM,2021-09-29 16:50:50,38.4362,57.4316,71.64,29,0,3.15
343,Gornyy,RU,2021-09-29 16:50:51,55.1153,83.9059,38.79,97,99,6.8
344,Jaen,ES,2021-09-29 16:50:51,38.0,-3.5,82.02,20,59,2.17
345,Grand Gaube,MU,2021-09-29 16:50:52,-20.0064,57.6608,72.37,72,57,5.01
346,Flinders,AU,2021-09-29 16:50:53,-34.5833,150.8552,61.38,89,100,1.01
347,Dormidontovka,RU,2021-09-29 16:50:53,47.7702,134.9076,56.3,96,96,4.74
348,Sao Filipe,CV,2021-09-29 16:50:54,14.8961,-24.4956,80.13,77,20,1.45
349,Moissac,FR,2021-09-29 16:50:55,44.1024,1.0945,70.75,79,90,9.44
350,Erzin,TR,2021-09-29 16:50:55,36.9559,36.2,76.01,83,14,4.54
351,Atambua,ID,2021-09-29 16:50:56,-9.1061,124.8925,72.66,84,18,4.61
352,Cockburn Town,TC,2021-09-29 16:50:56,21.4612,-71.1419,83.43,71,47,6.87
353,Najran,SA,2021-09-29 16:50:57,17.4924,44.1277,84.85,31,94,2.35
354,Mbandaka,CD,2021-09-29 16:50:57,0.0487,18.2603,79.18,77,92,3.83
355,Kirakira,SB,2021-09-29 16:50:58,-10.4544,161.9205,78.8,86,94,7.11
356,Magnolia,US,2021-09-29 16:47:31,33.2671,-93.2393,80.28,73,100,4.99
357,Shestakovo,RU,2021-09-29 16:50:58,56.4915,103.96,35.2,90,100,1.7
358,Samarai,PG,2021-09-29 16:50:59,-10.6167,150.6667,78.64,89,100,11.5
359,Fort Nelson,CA,2021-09-29 16:48:45,58.8053,-122.7002,35.19,100,90,2.3
360,Kumanovo,MK,2021-09-29 16:46:46,42.1322,21.7144,68.18,67,94,5.88
361,San Jeronimo,PE,2021-09-29 16:51:00,-11.9472,-75.2829,65.93,34,84,7.34
362,De Aar,ZA,2021-09-29 16:51:00,-30.6497,24.0123,62.19,52,88,20.33
363,Asau,RO,2021-09-29 16:51:00,46.4333,26.4,55.76,85,91,2.06
364,Serik,TR,2021-09-29 16:51:01,36.9169,31.0989,73.65,69,56,2.98
365,Sioux Lookout,CA,2021-09-29 16:51:02,50.1001,-91.917,66.58,68,20,8.05
366,Zhongshu,CN,2021-09-29 16:51:02,24.5167,103.7667,61.97,92,51,2.48
367,Novoilinsk,RU,2021-09-29 16:51:03,51.6829,108.7143,29.19,95,57,6.02
368,Soyo,AO,2021-09-29 16:51:03,-6.1349,12.3689,77.52,75,95,10.76
369,Havre-Saint-Pierre,CA,2021-09-29 16:51:04,50.2334,-63.5986,59.36,51,75,11.5
370,Hofn,IS,2021-09-29 16:51:05,64.2539,-15.2082,44.62,81,20,9.22
371,Prince Rupert,CA,2021-09-29 16:49:30,54.3161,-130.3201,51.49,88,90,10.36
372,Hamilton,US,2021-09-29 16:50:24,39.1834,-84.5333,79.23,65,1,1.99
373,Bac Lieu,VN,2021-09-29 16:51:06,9.285,105.7244,80.89,82,46,5.82
374,Ostersund,SE,2021-09-29 16:47:06,63.1792,14.6357,48.65,87,90,16.11
375,Naryan-Mar,RU,2021-09-29 16:51:06,67.6713,53.087,44.82,89,95,12.77
376,Pangoa,PE,2021-09-29 16:51:07,-12.1167,-73.0,87.57,51,26,4.03
377,Pesqueria,MX,2021-09-29 16:51:07,25.7833,-100.05,90.45,55,16,3.13
378,Oranjestad,AW,2021-09-29 16:51:08,12.524,-70.027,85.95,79,40,14.97
379,Qostanay,KZ,2021-09-29 16:51:09,53.1667,63.5833,41.07,69,100,10.89
380,Bairiki,KI,2021-09-29 16:51:09,1.3292,172.9752,82.4,69,40,18.41
381,Zeya,RU,2021-09-29 16:51:10,53.75,127.2667,32.99,96,17,3.33
382,Husavik,IS,2021-09-29 16:51:10,66.0449,-17.3389,42.71,67,100,20.87
383,Nantucket,US,2021-09-29 16:51:11,41.2835,-70.0995,65.61,79,90,19.3
384,Meulaboh,ID,2021-09-29 16:51:11,4.1363,96.1285,75.29,93,100,4.25
385,Shelburne,CA,2021-09-29 16:50:22,44.0787,-80.2041,64.13,64,0,11.5
386,Klaeng,TH,2021-09-29 16:51:12,12.7797,101.6483,84.0,86,10,2.24
387,Calabozo,VE,2021-09-29 16:51:12,8.9242,-67.4293,90.59,54,100,2.44
388,Bitkine,TD,2021-09-29 16:51:13,11.9801,18.2138,85.14,56,98,1.07
389,Ucluelet,CA,2021-09-29 16:48:13,48.9329,-125.5528,53.1,93,100,5.01
390,Amurzet,RU,2021-09-29 16:51:14,47.6967,131.0981,46.51,83,49,7.05
391,Okha,RU,2021-09-29 16:51:14,53.5739,142.9478,56.41,93,78,12.26
392,Kieta,PG,2021-09-29 16:51:15,-6.2167,155.6333,78.87,86,90,1.92
393,Wanaka,NZ,2021-09-29 16:50:09,-44.7,169.15,37.11,82,76,1.01
394,Srednekolymsk,RU,2021-09-29 16:51:16,67.45,153.6833,15.91,98,45,3.13
395,Pacific Grove,US,2021-09-29 16:47:02,36.6177,-121.9166,67.62,84,40,3.0
396,Santa Rosa De Osos,CO,2021-09-29 16:51:16,6.6474,-75.4603,66.52,85,97,2.98
397,Granger,US,2021-09-29 16:51:17,41.7481,-86.1257,75.0,52,1,1.01
398,Ozernovskiy,RU,2021-09-29 16:51:17,51.5,156.5167,50.92,97,100,3.74
399,Lewisporte,CA,2021-09-29 16:51:18,49.2499,-55.0482,56.14,97,100,4.09
400,Tecoanapa,MX,2021-09-29 16:51:18,16.5167,-98.75,84.63,68,96,4.65
401,Belaya Gora,RU,2021-09-29 16:51:19,68.5333,146.4167,19.98,94,13,0.94
402,Olafsvik,IS,2021-09-29 16:51:19,64.8945,-23.7142,39.61,95,100,3.13
403,Goundam,ML,2021-09-29 16:51:20,16.4145,-3.6708,101.3,15,27,10.25
404,Balkanabat,TM,2021-09-29 16:51:20,39.5108,54.3671,76.28,32,0,8.03
405,Buluang,PH,2021-09-29 16:51:21,13.3068,123.3425,79.03,90,68,2.06
406,Guider,CM,2021-09-29 16:51:22,9.9342,13.9486,86.88,67,96,2.64
407,Kahului,US,2021-09-29 16:50:16,20.8947,-156.47,76.84,87,20,4.61
408,Namatanai,PG,2021-09-29 16:51:22,-3.6667,152.4333,79.3,82,85,8.43
409,Duiwelskloof,ZA,2021-09-29 16:51:22,-23.6934,30.14,75.0,48,0,7.38
410,Juba,SS,2021-09-29 16:51:23,4.8517,31.5825,77.76,70,93,3.94
411,Sampit,ID,2021-09-29 16:51:23,-2.5333,112.95,75.96,97,100,2.39
412,Bathsheba,BB,2021-09-29 16:51:24,13.2167,-59.5167,90.21,66,40,10.36
413,Yadrin,RU,2021-09-29 16:51:24,55.9405,46.2062,40.24,79,66,5.26
414,Malmo,SE,2021-09-29 16:51:25,55.6059,13.0007,55.89,88,100,1.99
415,Hauterive,FR,2021-09-29 16:51:25,46.0901,3.4459,65.16,85,75,3.02
416,Fortuna,US,2021-09-29 16:51:26,40.5982,-124.1573,57.92,73,1,1.01
417,Ouallam,NE,2021-09-29 16:51:26,14.3188,2.0866,100.45,21,77,11.34
418,Gravdal,NO,2021-09-29 16:47:05,68.1214,13.5031,53.49,66,0,1.14
419,Bulgan,MN,2021-09-29 16:51:27,48.8125,103.5347,31.84,42,0,2.26
420,Geraldton,AU,2021-09-29 16:51:27,-28.7667,114.6,57.61,94,2,8.05
421,Waingapu,ID,2021-09-29 16:51:28,-9.6567,120.2641,76.59,81,14,4.61
422,Lexington,US,2021-09-29 16:51:05,37.9887,-84.4777,82.29,60,1,1.01
423,Jati,PK,2021-09-29 16:51:29,24.3539,68.2671,92.28,51,100,12.91
424,Preeceville,CA,2021-09-29 16:51:29,51.95,-102.6677,64.22,50,100,17.9
425,Darovskoy,RU,2021-09-29 16:51:30,58.77,47.9564,43.32,88,100,3.49
426,Novyy Urengoy,RU,2021-09-29 16:46:33,66.0833,76.6333,34.39,94,95,8.46
427,Kurayoshi,JP,2021-09-29 16:51:30,35.4333,133.8167,73.22,80,1,8.88
428,Huilong,CN,2021-09-29 16:51:31,31.8111,121.655,74.93,85,74,9.86
429,Nortelandia,BR,2021-09-29 16:51:31,-14.4547,-56.8028,103.51,22,40,3.87
430,Rivera,UY,2021-09-29 16:51:32,-30.9053,-55.5508,64.6,78,100,11.54
431,Parabel,RU,2021-09-29 16:51:33,58.6978,81.4825,34.12,89,80,6.71
432,Lagos,NG,2021-09-29 16:51:33,6.5833,3.75,84.52,78,75,6.67
433,Chegdomyn,RU,2021-09-29 16:51:34,51.1167,133.0167,39.83,94,87,0.89
434,Port Lincoln,AU,2021-09-29 16:51:34,-34.7333,135.8667,56.55,87,51,10.27
435,Maralal,KE,2021-09-29 16:51:35,1.0968,36.698,71.28,33,85,7.43
436,Kalabo,ZM,2021-09-29 16:51:35,-14.97,22.6814,85.08,20,69,5.35
437,Bayir,TR,2021-09-29 16:51:36,37.2687,28.2167,75.72,45,8,5.66
438,Tocopilla,CL,2021-09-29 16:51:37,-22.092,-70.1979,66.34,67,17,4.34
439,Paka,MY,2021-09-29 16:51:38,4.6374,103.4368,76.98,94,53,0.0
440,Peniche,PT,2021-09-29 16:51:38,39.3558,-9.3811,78.75,77,2,19.08
441,Mazatlan,MX,2021-09-29 16:51:38,23.2167,-106.4167,85.91,77,5,1.01
442,Kismayo,SO,2021-09-29 16:51:39,-0.3582,42.5454,77.81,87,96,12.46
443,Alofi,NU,2021-09-29 16:51:40,-19.0595,-169.9187,73.29,100,31,3.44
444,Dondo,MZ,2021-09-29 16:51:40,-19.6094,34.7431,76.51,88,1,11.32
445,Eureka,US,2021-09-29 16:50:31,40.8021,-124.1637,58.19,93,89,1.01
446,Negara,ID,2021-09-29 16:51:41,-8.3151,114.6025,74.79,90,47,5.97
447,Nurota,UZ,2021-09-29 16:51:41,40.5614,65.6886,66.29,39,0,7.81
448,Salinopolis,BR,2021-09-29 16:51:42,-0.6136,-47.3561,83.05,72,66,7.83
449,Madona,LV,2021-09-29 16:51:43,56.8533,26.217,49.5,65,89,5.91
450,Zigong,CN,2021-09-29 16:51:44,29.3416,104.7769,73.62,82,14,4.09
451,Taldan,RU,2021-09-29 16:51:44,53.6667,124.8,31.62,95,62,3.15
452,Lavrentiya,RU,2021-09-29 16:51:45,65.5833,-171.0,34.61,86,100,12.41
453,Xiangfan,CN,2021-09-29 16:51:45,32.0422,112.1448,69.96,71,0,3.11
454,Nanortalik,GL,2021-09-29 16:51:46,60.1432,-45.2371,38.03,61,11,5.7
455,Srandakan,ID,2021-09-29 16:51:46,-7.9386,110.2506,61.74,87,94,6.76
456,Nicolas Bravo,MX,2021-09-29 16:51:47,18.45,-88.9167,86.88,52,33,5.03
457,Hervey Bay,AU,2021-09-29 16:51:47,-25.2986,152.8535,69.04,79,99,10.07
458,Bay Roberts,CA,2021-09-29 16:51:48,47.5999,-53.2648,71.65,66,38,11.14
459,Chapais,CA,2021-09-29 16:47:45,49.7834,-74.8492,47.98,82,100,5.03
460,Puerto El Triunfo,SV,2021-09-29 16:51:49,13.2833,-88.55,84.81,70,100,6.71
461,Scarborough,GB,2021-09-29 16:48:49,54.2797,-0.4044,57.51,66,14,1.99
462,Maua,BR,2021-09-29 16:51:49,-23.6678,-46.4614,80.4,44,60,6.67
463,Tonekabon,IR,2021-09-29 16:51:50,36.8163,50.8738,71.55,71,26,2.26
464,Gobabis,NA,2021-09-29 16:51:50,-22.45,18.9667,81.63,12,64,14.09
465,Qinhuangdao,CN,2021-09-29 16:51:50,39.9317,119.5883,60.33,67,0,8.03
466,Chumikan,RU,2021-09-29 16:51:51,54.7183,135.315,42.03,81,100,12.82
467,Isla Mujeres,MX,2021-09-29 16:51:51,21.2311,-86.731,86.16,61,64,8.01
468,Rondonopolis,BR,2021-09-29 16:51:51,-16.4708,-54.6356,105.51,18,10,1.88
469,Yumen,CN,2021-09-29 16:51:52,40.2833,97.2,63.88,17,98,6.69
470,Korla,CN,2021-09-29 16:51:52,41.7597,86.1469,71.92,20,99,8.32
471,Barda,AZ,2021-09-29 16:51:53,40.3744,47.1267,60.53,81,100,7.43
472,Banda Aceh,ID,2021-09-29 16:51:53,5.5577,95.3222,79.25,81,96,5.46
473,Bandarbeyla,SO,2021-09-29 16:51:53,9.4942,50.8122,80.38,77,33,12.86
474,Shymkent,KZ,2021-09-29 16:51:54,42.3,69.6,61.39,42,0,4.47
475,Kaeo,NZ,2021-09-29 16:51:54,-35.1,173.7833,45.32,94,41,4.94
476,Murray Bridge,AU,2021-09-29 16:51:54,-35.1167,139.2667,56.57,95,71,5.41
477,Urman,RU,2021-09-29 16:51:55,54.8831,56.8742,34.79,78,49,4.63
478,Jiangyou,CN,2021-09-29 16:51:55,31.7667,104.7167,71.8,82,78,1.61
479,Laplace,US,2021-09-29 16:47:47,30.0666,-90.4801,86.02,77,90,10.0
480,Les Cayes,HT,2021-09-29 16:51:56,18.2,-73.75,88.74,57,18,9.24
481,Xilitla,MX,2021-09-29 16:51:56,21.3333,-98.9667,83.73,61,60,4.81
482,High Level,CA,2021-09-29 16:51:57,58.5169,-117.136,42.91,93,90,6.91
483,Ottumwa,US,2021-09-29 16:50:20,41.02,-92.4113,86.68,59,1,3.0
484,Khao Yoi,TH,2021-09-29 16:51:58,13.2403,99.8243,80.53,81,52,3.94
485,Santa Cruz Del Sur,CU,2021-09-29 16:51:58,20.7147,-77.9956,86.68,60,2,6.87
486,Rudnichnyy,RU,2021-09-29 16:51:59,59.617,52.4703,38.88,91,99,3.51
487,Laurel,US,2021-09-29 16:52:00,39.0993,-76.8483,71.4,49,1,1.99
488,George,ZA,2021-09-29 16:52:01,-33.963,22.4617,53.15,100,90,19.57
489,Andrelandia,BR,2021-09-29 16:52:01,-21.7397,-44.3092,84.88,31,49,6.69
490,Eldorado,BR,2021-09-29 16:51:13,-23.7869,-54.2836,99.39,21,7,8.32
491,Chipoka,MW,2021-09-29 16:52:03,-13.9933,34.5157,80.91,50,2,2.8
492,Tefe,BR,2021-09-29 16:52:03,-3.3542,-64.7114,89.71,62,40,3.42
493,Arona,ES,2021-09-29 16:52:03,28.0996,-16.681,75.51,59,20,3.0
494,Hambantota,LK,2021-09-29 16:52:04,6.1241,81.1185,82.29,70,95,14.27
495,Putyatino,RU,2021-09-29 16:52:04,54.16,41.1169,41.41,74,39,4.74
496,Saint Anthony,US,2021-09-29 16:52:05,45.0205,-93.218,80.15,62,1,3.0
497,Ormara,PK,2021-09-29 16:52:05,25.2088,64.6357,87.37,65,26,14.36
498,Ca Mau,VN,2021-09-29 16:52:06,9.1769,105.15,78.12,91,70,3.24
499,Praia Da Vitoria,PT,2021-09-29 16:52:06,38.7333,-27.0667,79.05,73,20,11.54
500,Grand-Lahou,CI,2021-09-29 16:52:07,5.1367,-5.0242,79.72,78,88,7.99
501,Villa Bruzual,VE,2021-09-29 16:52:07,9.3328,-69.1208,90.21,54,52,4.38
502,Jumla,NP,2021-09-29 16:52:08,29.2747,82.1838,57.78,94,76,1.72
503,Presidencia Roque Saenz Pena,AR,2021-09-29 16:52:08,-26.7852,-60.4388,79.65,56,90,7.2
504,Shenjiamen,CN,2021-09-29 16:52:09,29.9576,122.298,76.14,89,98,14.09
505,Grindavik,IS,2021-09-29 16:52:09,63.8424,-22.4338,43.27,75,75,27.63
506,Kristiansund,NO,2021-09-29 16:52:10,63.1115,7.732,59.05,58,0,6.91
507,Umm Lajj,SA,2021-09-29 16:52:11,25.0213,37.2685,81.88,70,0,11.03
508,Kamaishi,JP,2021-09-29 16:52:11,39.2667,141.8833,66.78,92,70,11.25
509,Havoysund,NO,2021-09-29 16:52:11,70.9963,24.6622,45.48,86,66,4.34
510,Panara,IN,2021-09-29 16:52:12,22.0667,78.55,71.24,93,27,0.92
511,Okakarara,NA,2021-09-29 16:52:12,-20.5833,17.4333,83.01,13,73,13.44
512,Shostka,UA,2021-09-29 16:52:13,51.863,33.4698,44.04,70,57,7.18
513,Vegueta,PE,2021-09-29 16:52:14,-11.0231,-77.6431,66.78,74,71,8.14
514,Anadyr,RU,2021-09-29 16:52:14,64.75,177.4833,12.7,92,40,6.71
515,Vygonichi,RU,2021-09-29 16:52:15,53.0985,34.0673,42.91,75,88,0.0
516,Cheremukhovo,RU,2021-09-29 16:52:15,60.3484,59.9851,31.62,85,8,2.51
517,Sala,MA,2021-09-29 16:52:16,34.0389,-6.8166,79.63,69,81,9.22
518,Caranavi,BO,2021-09-29 16:52:16,-15.8167,-67.55,79.09,61,25,2.95
519,Bulawayo,ZW,2021-09-29 16:52:17,-20.15,28.5833,81.23,17,53,14.47
520,Shimoda,JP,2021-09-29 16:52:17,34.6667,138.95,69.1,75,100,6.89
521,Midland,US,2021-09-29 16:48:24,31.9974,-102.0779,86.05,34,1,8.05
522,Cayenne,GF,2021-09-29 16:52:18,4.9333,-52.3333,91.44,75,20,4.0
